{"main":"login-registration-eapi.raml","name":"Login-Registration-EAPI","classifier":"raml","tags":[],"dependencies":[{"groupId":"57849fe3-35f3-4432-8a42-f45fb1a9e8a1","assetId":"token","version":"1.0.0"},{"groupId":"57849fe3-35f3-4432-8a42-f45fb1a9e8a1","assetId":"userpartialupdate","version":"1.0.0"},{"groupId":"57849fe3-35f3-4432-8a42-f45fb1a9e8a1","assetId":"tokenexample","version":"1.0.0"},{"groupId":"57849fe3-35f3-4432-8a42-f45fb1a9e8a1","assetId":"oktaresponse","version":"1.0.0"},{"groupId":"57849fe3-35f3-4432-8a42-f45fb1a9e8a1","assetId":"oktarequest","version":"1.0.0"},{"groupId":"57849fe3-35f3-4432-8a42-f45fb1a9e8a1","assetId":"oktaresponseexample","version":"1.0.0"},{"groupId":"57849fe3-35f3-4432-8a42-f45fb1a9e8a1","assetId":"oktarequestexample","version":"1.0.0"},{"groupId":"57849fe3-35f3-4432-8a42-f45fb1a9e8a1","assetId":"userdatatype","version":"1.0.2"},{"groupId":"57849fe3-35f3-4432-8a42-f45fb1a9e8a1","assetId":"userpostexample","version":"1.0.0"}]}